inventory_id,product_id,warehouse_location,stock_quantity,reorder_level,last_restock_date
1,1,B9,114,20,2024-11-25
2,2,C7,1192,214,2024-11-18
3,3,D11,885,159,2026-05-29
4,4,C1,0,12,2025-04-22
5,5,C6,132,23,2025-12-16
6,6,B1,993,178,2025-05-16
7,7,B10,2,5,2025-08-06
8,8,C6,605,108,2025-11-11
9,9,A6,1771,318,2025-06-17
10,10,B8,0,12,2024-11-01
11,11,C9,1417,255,2025-10-10
12,12,A2,3,5,2026-05-05
13,13,A9,0,17,2025-09-12
14,14,A1,117,21,2026-06-05
15,15,A6,584,105,2025-10-10
16,16, C5 ,1043,187,2025-12-06
17,17,C7,2,5,2025-03-05
18,18,C2,3,5,2025-06-03
19,19,C10,128,23,2025-11-06
20,20,A1,1420,255,2026-03-10
21,21,D7,56,10,2025-12-18
22,22,B12,589,106,2025-11-23
23,23,B10,70,12,2026-07-17
24,24,A3,1233,221,2024-10-14
25,25,D11,1,5,2026-05-17
26,26,D7,65,11,2025-06-17
27,27,A7,1597,287,2024-12-18
28,28,D8,177,31,2024-11-07
29,29,C9 ,3,5,2026-08-06
30,30,C10,131,23,2026-07-24
31,31,A5,143,25,2026-08-06
32,32,A8,1209,217,2025-11-02
33,33,C11,665,119,2025-09-13
34,34,C12,153,27,2025-12-19
35,35,B1,1978,356,2025-04-20
36,36,A5,0,21,2025-03-04
37,37,D2,128,23,2025-10-26
38,38,C5,2,5,2026-05-14
39,39,B11,168,30,2026-07-05
40,40,D7,200,36,2025-04-13
41,41,D6,3,5,2026-05-30
42,42,A6,162,29,2024-11-07
43,43,D4,1315,236,2024-11-13
44,44,D5 ,21,5,2026-07-13
45,45,A5,3,5,2026-06-26
46,46, D7 ,2,5,2024-11-11
47,47, A6 ,652,117,2026-06-02
48,48,A6,1823,328,2025-08-11
49,49,D4,14,5,2026-04-14
50,50,A6,954,171,2025-03-18
51,51,D3,0,21,2025-12-25
52,52,C3,150,27,2026-05-08
53,53,C3,826,148,2026-03-17
54,54,C4 ,118,21,2025-04-03
55,55,B3,1868,336,2024-10-17
56,56,D1,3,5,2026-04-14
57,57,C3,-2,5,2025-05-17
58,58,B3,1,5,2025-11-23
59,59,B6,86,15,2024-09-07
60,60,D9,58,10,2026-07-03
61,61,B8,724,130,2024-11-09
62,62,C5,2,5,2025-11-15
63,63,C11,0,12,2026-03-01
64,64,A11,732,131,2024-11-02
65,65,D2,0,28,2025-10-29
66,66,C7,-2,5,2026-07-16
67,67,A5,871,156,2026-06-11
68,68,A7,1827,328,2025-02-05
69,69,D5,2,5,2026-07-08
70,70,C10,127,22,2026-07-30
71,71,A8,1818,327,2025-07-01
72,72,A6,191,34,2024-11-06
73,73,C1,1906,343,2024-10-05
74,74,D4,0,27,2025-07-20
75,75,A1,787,141,2025-09-13
76,76,B5,27,5,2025-02-12
77,77,B1 ,1504,270,2024-09-16
78,78,A11,1320,237,2024-11-21
79,79,B1,113,20,2025-01-05
80,80, B6 ,1916,344,2025-03-22
81,81,A4,141,25,2025-06-14
82,82,B10,512,92,2025-12-26
83,83,C3,169,30,2026-03-07
84,84,B3,173,31,2025-04-15
85,85,B5,0,10,2026-06-24
86,86,C6,1035,186,2024-12-27
87,87,A9,0,14,2025-03-06
88,88,B3,1,5,2024-11-03
89,89,C1,715,128,2025-12-06
90,90,A7,33,5,2024-12-17
91,91,D10,1922,345,2025-12-13
92,92,D8,1982,356,2024-10-18
93,93,D9,521,93,2024-12-11
94,94,A11,1,5,2025-08-25
95,95,B6,1287,231,2026-02-21
96,96,C3,164,29,2024-11-22
97,97,A8,116,20,2024-12-20
98,98,B11,1,5,2025-11-10
99,99,B9,151,27,2026-03-06
100,100,D2,122,21,2025-10-23
101,101,D8,146,26,2025-11-23
102,102,D7,864,155,2026-08-06
103,103,C5,1494,268,2026-03-07
104,104,C3,3,5,2025-07-23
105,105,C10,2,5,2024-11-19
106,106,D4,1572,282,2026-05-12
107,107,D11,0,11,2026-03-29
108,108,A7,1853,333,2025-06-16
109,109,B11,1,5,2026-03-17
110,110,D5,139,25,2026-01-13
111,111,D11,160,28,2024-12-26
112,112,C7,3,5,2024-12-28
113,113,A9,1868,336,2026-03-09
114,114,C10,52,9,2025-10-08
115,115,B8,44,7,2025-07-05
116,116,A8,1069,192,2025-05-30
117,117,A6,1536,276,2025-12-14
118,118,B3,2,5,2025-05-19
119,119,C3,0,15,2024-09-21
120,120,A5,58,10,2025-03-09
121,121, B7 ,1501,270,2026-05-05
122,122,D11,190,34,2025-05-31
123,123,D2,84,15,2024-10-29
124,124,C11,842,151,2026-01-19
125,125,D6,148,26,2025-02-10
126,126,B1,609,109,2024-10-15
127,127,D2,651,117,2026-03-02
128,128,C4,3,5,2024-09-17
129,129,D4,-2,5,2024-11-07
130,130,B1,2,5,2024-12-27
131,131,D11,65,11,2025-12-09
132,132,D8,79,14,2024-11-14
133,133,C9,1167,210,2025-12-04
134,134,B3,133,23,2025-03-12
135,135,B1,509,91,2025-09-30
136,136,C12,802,144,2026-03-07
137,137,B10,114,20,2025-06-26
138,138,B11,139,25,2024-11-25
139,139,D4,47,8,2024-11-16
140,140,C1,154,27,2025-05-22
141,141,B12,57,10,2024-11-06
142,142,B9,1799,323,2025-11-27
143,143,A7,1826,328,2025-11-02
144,144,D11,2,5,2025-12-08
145,145,A4,85,15,2025-11-25
146,146,A4,150,27,2025-04-29
147,147,B8,198,35,2025-11-01
148,148,C10 ,1845,332,2026-05-03
149,149,C4,196,35,2024-10-24
150,150,B11,0,15,2024-11-07
151,151,D10,1,5,2026-08-06
152,152,A12,131,23,2026-02-22
153,153,A5,1614,290,2024-10-01
154,154,A3,11,5,2026-06-29
155,155,C6,86,15,2026-06-10
156,156,A4,20,5,2025-12-27
157,157,C1,123,22,2026-06-19
158,158,B5,2,5,2025-04-16
159,159,D2,81,14,2025-05-15
160,160,C6,1184,213,2025-06-09
161,161,A4,1521,273,2026-06-28
162,162,D2,1936,348,2026-06-30
163,163,C2,95,17,2025-11-28
164,164,C6,1028,185,2026-05-31
165,165,C11,711,127,2026-04-15
166,166,C1 ,1111,199,2025-06-23
167,167,A5,1,5,2025-12-23
168,168,A4,2,5,2024-12-18
169,169,B8,103,18,2024-11-17
170,170,B2,970,174,2025-12-10
171,171,C1,1832,329,2025-06-13
172,172,A6,2,5,2025-12-22
173,173,C8,21,5,2026-03-09
174,174,B6,104,18,2025-06-05
175,175,D11,71,12,2026-07-12
176,176,B9,1,5,2026-06-03
177,177,A6,2,5,2024-11-24
178,178,D4,1059,190,2024-11-16
179,179,B8,159,28,2024-11-07
180,180,D7,2,5,2025-09-21
181,181,B5,117,21,2025-07-20
182,182,B2,945,170,2026-05-15
183,183,B4,2,5,2025-05-20
184,184,A12,0,19,2025-07-07
185,185,D7,555,99,2026-05-17
186,186,C5,1829,329,2025-10-31
187,187,A6,1679,302,2025-11-23
188,188,D9,0,19,2024-11-05
189,189,A1,75,13,2024-09-20
190,190,B12,38,6,2026-03-27
191,191,C4,745,134,2025-03-07
192,192,C11,0,16,2025-09-22
193,193,D10,1,5,2026-04-29
194,194,D6,805,144,2025-05-11
195,195,B3,2,5,2026-06-24
196,196,D10,1,5,2025-12-27
197,197,A8,27,5,2024-10-18
198,198,D10,0,10,2024-11-14
199,199,B6,722,129,2026-03-09
200,200,D2,904,162,2026-08-06
201,201,A4,597,107,2024-12-25
202,202,A2,112,20,2025-10-06
203,203,D9,1,5,2025-06-29
204,204,D9,2,5,2025-04-30
205,205,D11,0,25,2026-01-02
206,206,A12,119,21,2024-09-09
207,207, B11 ,1381,248,2025-12-21
208,208,A7 ,1493,268,2024-11-03
209,209,A4,172,30,2025-05-17
210,210,A7,0,28,2025-05-02
211,211,A11,72,12,2025-03-23
212,212,A5,529,95,2026-07-28
213,213,A2,121,21,2025-11-07
214,214,D5,139,25,2025-05-19
215,215,C9,1263,227,2024-11-05
216,216,C11,183,32,2024-11-09
217,217,D5,77,13,2025-12-05
218,218,D6 ,0,15,2024-12-08
219,219,B9,102,18,2025-12-20
220,220,C1,0,18,2026-07-14
221,221,A12,2,5,2026-01-31
222,222,D3,960,172,2025-07-14
223,223,C12,1292,232,2025-11-22
224,224,D1,1,5,2024-11-25
225,225,A12,685,123,2025-05-22
226,226,B10,1339,241,2025-09-07
227,227,D12,596,107,2025-04-12
228,228,A6,863,155,2025-10-09
229,229,B1,766,137,2024-12-07
230,230,C9,1452,261,2026-03-08
231,231,D7,1353,243,2025-05-12
232,232,A6,1445,260,2024-12-13
233,233,D1,802,144,2025-08-02
234,234,A2,97,17,2025-11-17
235,235,C8,719,129,2025-09-06
236,236,C11,185,33,2024-10-18
237,237,B6,2,5,2025-04-15
238,238,A11,1,5,2024-12-16
239,239,A5,180,32,2026-03-14
240,240,A10,674,121,2026-07-06
241,241,A2,170,30,2025-12-03
242,242,A8,3,5,2026-06-23
243,243,C11,1081,194,2026-03-19
244,244,B9,988,177,2024-10-19
245,245,D4,17,5,2026-04-21
246,246,B1,1910,343,2025-12-06
247,247,A6,2,5,2025-02-11
248,248,D3,1579,284,2025-03-23
249,249,D10,1245,224,2026-02-05
250,250,D11,629,113,2026-06-08
251,251,D6,561,100,2024-12-07
252,252,A4,0,27,2026-02-01
253,253,D11,2,5,2026-01-16
254,254,D9,64,11,2026-03-16
255,255,D7,0,25,2025-08-30
256,256,A1,120,21,2024-09-06
257,257,A10,27,5,2024-11-12
258,258,C10,1999,359,2025-06-25
259,259,D1 ,3,5,2025-12-04
260,260,A1,1364,245,2026-04-04
261,261,D12,1333,239,2026-03-09
262,262,D3,1938,348,2025-12-31
263,263,D5,1,5,2026-04-13
264,264,A3,1272,228,2025-10-02
265,265,B8,1456,262,2024-09-17
266,266,D11,3,5,2025-11-04
267,267,B10,1328,239,2026-04-21
268,268,D9,1787,321,2025-09-10
269,269, D4 ,97,17,2025-11-29
270,270,A2,1690,304,2026-05-12
271,271,B10,690,124,2026-05-24
272,272,C2,2,5,2026-01-13
273,273,B9,125,22,2025-02-02
274,274,B10,1,5,2024-11-23
275,275,A1,1104,198,2025-02-28
276,276,C2,-2,5,2026-08-06
277,277,C12,175,31,2025-09-10
278,278,D3,0,22,2026-03-05
279,279,A4,844,151,2025-02-12
280,280,D10,19,5,2026-04-11
281,281,B12,1032,185,2025-03-10
282,282,C2,1927,346,2026-07-09
283,283,A10,2,5,2025-10-08
284,284,A12,182,32,2026-05-03
285,285,C6,2,5,2024-09-09
286,286,C9,34,6,2025-04-24
287,287,B4,71,12,2025-05-02
288,288,C9,1560,280,2025-12-16
289,289,D12 ,181,32,2025-10-29
290,290,D9,3,5,2025-12-03
291,291,A12,729,131,2025-06-13
292,292,C1,2,5,2025-02-15
293,293,B6,36,6,2026-07-11
294,294,D9,1693,304,2024-12-30
295,295,D6,3,5,2026-04-02
296,296,A3,151,27,2026-05-24
297,297,D4,731,131,2025-02-17
298,298,D9,26,5,2025-11-16
299,299,C6,1380,248,2026-01-24
300,300, B4 ,108,19,2026-05-08
301,301,A10,2,5,2026-04-18
302,302,B8,198,35,2026-03-07
303,303,C7,608,109,2024-10-17
304,304,D7,180,32,2026-08-01
305,305,A12,1596,287,2025-09-10
306,306,A11,849,152,2025-03-07
307,307,D1,763,137,2024-12-20
308,308,C7,1565,281,2026-07-14
309,309,D2,1743,313,2024-10-24
310,310,B11,140,25,2026-06-16
311,311,D4,974,175,2024-12-25
312,312,D3,33,5,2026-08-06
313,313,C4,3,5,2024-10-10
314,314,A10,85,15,2024-11-08
315,315,D6,29,5,2024-09-01
316,316, B5 ,0,12,2024-09-21
317,317,A9,1689,304,2026-06-04
318,318,A5 ,2,5,2026-02-19
319,319,B1,970,174,2026-05-26
320,320,A6,1778,320,2024-09-05
321,321,D11,0,17,2024-10-06
322,322,C7,1666,299,2026-08-06
323,323,D1,1378,248,2025-08-01
324,324,D2,30,5,2024-11-29
325,325,D12,1505,270,2025-07-19
326,326,C9,172,30,2024-11-23
327,327,A4,512,92,2026-08-06
328,328,C9,3,5,2025-12-06
329,329,D11,2,5,2024-12-19
330,330,D6,164,29,2025-10-11
331,331,D3,2,5,2025-12-20
332,332,D4,1900,342,2026-01-12
333,333,B2 ,828,149,2025-03-01
334,334, B9 ,12,5,2024-10-29
335,335,A7,126,22,2026-05-05
336,336,A6,185,33,2026-06-05
337,337,D11,992,178,2025-10-29
338,338,A9,45,8,2026-05-01
339,339,D7,1,5,2025-10-30
340,340,A2,2,5,2025-02-25
341,341,B11,2,5,2025-11-24
342,342,C1,804,144,2025-10-20
343,343,D11 ,0,25,2026-05-23
344,344,C8,1280,230,2026-06-18
345,345,B3,92,16,2025-06-01
346,346,A4,87,15,2024-12-20
347,347,A9,57,10,2026-03-21
348,348,B7,668,120,2025-01-31
349,349,C5,144,25,2025-11-28
350,350,C11,2,5,2025-12-27
351,351,C8,140,25,2026-04-26
352,352,A11,167,30,2024-12-20
353,353,B8,2,5,2026-04-27
354,354,B4,-2,20,2025-09-18
355,355,B6 ,1,5,2025-09-02
356,356,C2,13,5,2026-06-26
357,357,B6,0,18,2025-05-10
358,358,A12,2,5,2024-09-08
359,359,B7,1145,206,2025-02-11
360,360,B1,133,23,2026-02-25
361,361,B10,128,23,2026-04-26
362,362,C4,22,5,2025-09-21
363,363,A8,1478,266,2025-07-05
364,364,C6,936,168,2025-04-16
365,365,D10,199,35,2026-04-17
366,366,A2,732,131,2025-06-30
367,367,B6,1,5,2025-02-13
368,368,D6,1852,333,2025-12-11
369,369,B2,1256,226,2025-09-11
370,370,C10,166,29,2024-10-22
371,371,D12,140,25,2025-12-12
372,372,D7,783,140,2025-06-07
373,373,A9,775,139,2026-04-17
374,374,D5,168,30,2026-07-23
375,375,B6,-2,22,2026-07-19
376,376,B12,66,11,2026-08-06
377,377,B4,120,21,2026-04-27
378,378,B9,3,5,2025-05-16
379,379,C7,93,16,2025-02-07
380,380,C2,170,30,2024-12-13
381,381,D2,57,10,2026-01-18
382,382,B8,832,149,2025-11-09
383,383,C12,1328,239,2025-10-01
384,384,A10,3,5,2025-06-24
385,385,C3 ,123,22,2026-02-20
386,386, A2 ,77,13,2025-05-17
387,387,A7,193,34,2025-07-03
388,388,C5,63,11,2025-04-03
389,389,A4,1,5,2025-07-13
390,390,C1,120,21,2024-11-07
391,391,C8,1808,325,2026-06-20
392,392, C5 ,193,34,2026-02-20
393,393,C11,2,5,2025-10-31
394,394,A9,2,5,2026-05-01
395,395,B5,140,25,2024-11-17
396,396,C10,1980,356,2024-11-14
397,397,B8,1040,187,2026-02-13
398,398,A11,71,12,2025-05-31
399,399,D3,19,5,2026-02-02
400,400,A4,154,27,2026-03-03
401,401,C10,145,26,2026-06-05
402,402,D1,1453,261,2025-03-21
403,403,D11,1505,270,2024-10-13
404,404,A7,0,28,2025-08-04
405,405,D7,798,143,2024-10-20
406,406,B7,0,16,2025-09-05
407,407,B7,1732,311,2026-05-05
408,408,B4,1264,227,2025-09-16
409,409,D10,1838,330,2024-12-23
410,410,D9,2,5,2025-01-18
411,411,B9,1190,214,2026-05-17
412,412,B12,192,34,2026-04-29
413,413,D8,93,16,2025-07-19
414,414,C9,65,11,2026-02-15
415,415,A8,79,14,2024-09-21
416,416,D5,1,5,2026-05-20
417,417,D6,830,149,2024-12-29
418,418,C10,1180,212,2025-01-01
419,419,D1,911,163,2025-10-09
420,420,D5 ,1997,359,2025-07-08
421,421,A2,2,5,2024-11-17
422,422,D11,2,5,2025-12-30
423,423,B10,881,158,2025-10-04
424,424,D7,1910,343,2026-06-04
425,425,D4,3,5,2026-07-04
426,426,C1,3,5,2025-05-29
427,427,A6,1250,225,2025-05-24
428,428,D12,18,5,2026-04-20
429,429,D3,156,28,2024-11-08
430,430,B8,70,12,2024-09-25
431,431,C6,1274,229,2024-09-15
432,432,B9,121,21,2026-07-03
433,433,D11,3,5,2025-06-27
434,434,B9,116,20,2025-11-07
435,435,C9,1,5,2024-11-26
436,436,A4,1245,224,2024-10-13
437,437,A7,555,99,2026-05-19
438,438,D10,1467,264,2026-01-26
439,439,C1,0,16,2026-02-23
440,440,B8,193,34,2025-07-20
441,441,A6,195,35,2025-11-24
442,442,B2,0,18,2025-11-08
443,443,D12,688,123,2026-08-06
444,444,B2,1290,232,2025-07-19
445,445,B8,1121,201,2025-05-23
446,446,A6,1108,199,2025-12-04
447,447,A12,571,102,2025-12-21
448,448,D3,1628,293,2025-11-25
449,449,C11,61,10,2025-05-29
450,450,B6,120,21,2025-07-31
451,451,C7,2,5,2025-02-12
452,452,C8,1801,324,2025-01-07
453,453, D7 ,835,150,2026-04-21
454,454,B3,1388,249,2024-12-25
455,455,A6,17,5,2026-04-09
456,456,B12,3,5,2024-12-09
457,457,D8,0,26,2025-10-29
458,458,B6,165,29,2025-08-23
459,459,A2,70,12,2026-02-22
460,460,A12,618,111,2026-05-14
461,461,A10,27,5,2025-02-07
462,462,B8,1498,269,2025-07-19
463,463,C4,113,20,2024-12-05
464,464,C7,173,31,2025-04-02
465,465,B8,80,14,2025-02-20
466,466,C8,1352,243,2026-07-20
467,467,A9,1095,197,2025-06-19
468,468,D1,679,122,2025-02-19
469,469,B6,103,18,2024-11-26
470,470,D12,1359,244,2025-04-16
471,471,D1,3,5,2026-05-01
472,472,C6,1139,205,2025-12-17
473,473,D5,1,5,2024-11-16
474,474,D1,1295,233,2024-09-06
475,475,A6,1458,262,2025-11-05
476,476,B9,114,20,2026-07-02
477,477,C12,1818,327,2025-03-20
478,478,D3,0,25,2025-05-31
479,479,B10,109,19,2026-03-21
480,480,A11,1309,235,2025-05-20
481,481,B6,1713,308,2025-09-17
482,482,B12,2,5,2024-09-21
483,483,D9,0,20,2025-12-23
484,484,C11,1686,303,2024-09-15
485,485,B10 ,585,105,2025-05-13
486,486,B12,144,25,2024-11-08
487,487,D7,945,170,2024-10-10
488,488,A3,1091,196,2024-09-09
489,489, C2 ,644,115,2024-09-10
490,490,C4,88,15,2025-11-16
491,491,D4,81,14,2024-09-26
492,492,D8,1281,230,2024-10-23
493,493,D1 ,1546,278,2025-06-05
494,494,D9,1,5,2025-06-19
495,495,D9,1635,294,2025-02-08
496,496,A10,197,35,2025-12-15
497,497,B9,1161,208,2024-10-17
498,498,C4,148,26,2025-03-09
499,499,C10,1241,223,2025-12-07
500,500,D10,825,148,2024-11-24
501,501,A7,31,5,2025-12-14
502,502,A8,0,14,2024-09-04
503,503,A9,1472,264,2025-12-02
504,504,A9,594,106,2026-03-05
505,505,A4,64,11,2025-12-07
506,506, A7 ,1818,327,2026-02-26
507,507,C3,117,21,2026-04-27
508,508,A11,1,5,2025-07-14
509,509,A7,1183,212,2025-05-04
510,510,B3,3,5,2025-12-20
511,511,A10,910,163,2025-10-18
512,512,D5,152,27,2025-12-01
513,513,D3,573,103,2026-03-22
514,514,A9,45,8,2024-09-22
515,515,D2,159,28,2025-11-12
516,516,A12,35,6,2025-11-07
517,517,C10,36,6,2026-02-11
518,518,C12,0,12,2026-05-15
519,519,B11 ,1042,187,2025-01-29
520,520,B10,1159,208,2026-05-25
521,521,B11,197,35,2026-02-01
522,522,B3,118,21,2025-01-30
523,523, C2 ,2,5,2025-11-01
524,524,C1,2,5,2025-12-07
525,525,A5,1,5,2025-04-04
526,526, D1 ,2,5,2025-05-10
527,527,A7,196,35,2024-11-27
528,528,C10,1539,277,2025-09-27
529,529,D3,1212,218,2026-08-06
530,530,C3,0,26,2024-10-29
531,531,C3,0,30,2025-11-14
532,532,C9,2,5,2024-09-18
533,533,D9,1548,278,2024-10-28
534,534,C9,1601,288,2025-11-30
535,535,B5,1455,261,2025-12-02
536,536,C7,1048,188,2025-11-12
537,537,A10,13,5,2025-09-03
538,538,A7,1826,328,2026-02-01
539,539,C9,1077,193,2024-12-25
540,540,D1,1972,354,2026-06-11
541,541,C11,656,118,2025-12-26
542,542,B5,833,149,2026-02-26
543,543,C8,182,32,2024-10-21
544,544,A12,886,159,2025-10-27
545,545,B7,918,165,2025-09-08
546,546,A12,64,11,2026-04-07
547,547,A6,2,5,2026-03-04
548,548,C3,1,5,2025-04-22
549,549,C8,1462,263,2024-11-06
550,550,C3,1057,190,2025-02-22
551,551,B9,1634,294,2026-05-23
552,552,D6 ,57,10,2025-05-21
553,553,B2,2,5,2026-06-01
554,554,B1,27,5,2025-05-15
555,555,C12,1,5,2026-08-06
556,556,C11,193,34,2025-03-23
557,557,C9,3,5,2025-06-19
558,558,D7,1274,229,2025-03-14
559,559,B2,28,5,2026-08-06
560,560,C12,83,14,2025-06-02
561,561,A8,1871,336,2026-03-22
562,562,D4,2,5,2024-11-21
563,563,A9,1252,225,2024-11-08
564,564,C5,60,10,2026-05-17
565,565,D2,133,23,2025-05-17
566,566,C8,157,28,2025-12-28
567,567,A10,505,90,2025-06-01
568,568,B8,1787,321,2026-03-28
569,569,C8 ,3,5,2025-11-30
570,570,C8,2,5,2025-12-25
571,571,A4,20,5,2026-02-17
572,572,B1,3,5,2024-12-31
573,573,A11,3,5,2025-04-22
574,574,B5,10,5,2025-03-27
575,575,C11,1827,328,2025-11-10
576,576,D7,1521,273,2024-10-19
577,577,A6,886,159,2024-11-08
578,578,A11,138,24,2024-09-20
579,579,A9,1254,225,2025-05-18
580,580,D11,37,6,2025-06-24
581,581,D2,1443,259,2024-12-29
582,582,A1,1061,190,2024-12-22
583,583,C10,512,92,2025-06-19
584,584,D8,182,32,2025-02-05
585,585,C7,-2,5,2024-10-17
586,586,A6,797,143,2026-06-04
587,587,D1,1037,186,2026-05-10
588,588,B5,630,113,2024-10-16
589,589, B3 ,1323,238,2024-12-02
590,590,A6,0,29,2025-12-01
591,591,B12,0,26,2024-10-02
592,592,C9,126,22,2026-06-08
593,593,B4 ,2,5,2024-09-23
594,594,D8,153,27,2025-09-16
595,595,D8,108,19,2025-05-06
596,596,D8,174,31,2025-08-05
597,597,B9,1857,334,2026-01-08
598,598, C11 ,58,10,2024-09-26
599,599,D6,756,136,2025-11-03
600,600,D8,804,144,2026-04-26
601,601,C4,1,5,2025-12-15
602,602,C3,549,98,2025-05-24
603,603, A8 ,1182,212,2024-12-01
604,604,B3,164,29,2025-12-30
605,605,B7 ,1402,252,2025-04-14
606,606,D8,144,25,2026-03-19
607,607,C5,1111,199,2024-09-03
608,608,B11,149,26,2024-09-17
609,609,D4,188,33,2025-08-10
610,610,A4,101,18,2024-11-30
611,611,B10,1076,193,2026-04-01
612,612,D11,0,16,2024-11-29
613,613, B2 ,82,14,2026-07-22
614,614,D2,1517,273,2025-03-31
615,615,C4,153,27,2026-05-17
616,616,B7,1,5,2025-02-03
617,617,D2,3,5,2025-06-14
618,618,C12,56,10,2024-12-21
619,619,D9,1595,287,2024-10-31
620,620,B5,1124,202,2025-11-02
621,621,A3,1278,230,2026-03-12
622,622,A5,1988,357,2026-01-18
623,623,C11,61,10,2026-07-18
624,624,C11,833,149,2026-06-01
625,625,B5,34,6,2024-11-08
626,626,D5,2,5,2025-11-04
627,627,B7,3,5,2025-07-10
628,628,C2,179,32,2024-12-18
629,629,B10,173,31,2026-02-25
630,630,A11,876,157,2025-08-09
631,631,D8,83,14,2025-12-16
632,632,A10,134,24,2024-10-10
633,633,B12,153,27,2024-11-26
634,634,A2,189,34,2025-06-06
635,635,D3,123,22,2024-09-14
636,636,C7,152,27,2024-12-12
637,637,A4,149,26,2026-04-26
638,638,C5,1,5,2025-07-26
639,639,B5,22,5,2025-12-13
640,640,D9,92,16,2024-12-19
641,641,C10,3,5,2025-05-03
642,642,C6,146,26,2026-03-03
643,643, C6 ,0,12,2024-10-15
644,644,D2,193,34,2025-03-17
645,645,C1,153,27,2025-09-28
646,646,D2,161,28,2025-11-04
647,647,B11,109,19,2024-11-01
648,648,C10,1,5,2026-06-17
649,649,C1,1221,219,2026-01-12
650,650,B1,133,23,2024-10-25
651,651,C11,37,6,2025-07-13
652,652,D10,34,6,2026-05-14
653,653,C5,68,12,2026-05-26
654,654,C3,39,7,2026-05-18
655,655,B11,1064,191,2024-11-09
656,656,B12,1765,317,2025-09-10
657,657,C3,1831,329,2025-07-23
658,658,A11,705,126,2025-06-10
659,659,D2,3,5,2025-05-29
660,660,D3,3,5,2026-04-03
661,661,A7,1,5,2026-03-27
662,662,B6,136,24,2024-12-14
663,663,A5,1263,227,2026-03-31
664,664,A3,962,173,2025-12-06
665,665,C6,1347,242,2024-10-03
666,666,B11,159,28,2024-11-22
667,667,B11,0,14,2026-07-08
668,668,A10,1,5,2025-09-07
669,669,B11,36,6,2026-08-06
670,670,C6,109,19,2026-07-23
671,671,D9,90,16,2026-02-19
672,672,D11,1455,261,2025-03-16
673,673,A2,106,19,2024-12-17
674,674,D10,0,18,2024-09-28
675,675,C11,1798,323,2024-11-12
676,676,B12,548,98,2026-05-10
677,677,B10,92,16,2025-12-22
678,678,B5,2,5,2026-04-16
679,679,B7,1240,223,2026-04-12
680,680,C11,134,24,2026-07-25
681,681,D3,1696,305,2025-12-01
682,682,C2,3,5,2025-10-30
683,683,A1,1662,299,2025-11-29
684,684,D8,1,5,2025-12-25
685,685,A2,2,5,2025-07-13
686,686,C5,951,171,2025-12-05
687,687,B7,71,12,2025-11-26
688,688,A8,816,146,2024-12-31
689,689,A10,141,25,2024-11-05
690,690,A5,1813,326,2024-12-26
691,691,B7,1348,242,2026-02-01
692,692,B9,168,30,2025-02-07
693,693,A5,2,5,2026-04-05
694,694,C8,1,5,2025-03-29
695,695,D1,501,90,2025-11-13
696,696,A10,112,20,2026-05-05
697,697,B11,1170,210,2026-04-29
698,698,B6,57,10,2026-04-12
699,699,D6,24,5,2026-03-17
700,700,C10 ,36,6,2025-12-17
701,701,D2,140,25,2025-12-20
702,702,B6,972,174,2026-07-09
703,703,A3,1,5,2026-02-17
704,704,A9,1340,241,2024-11-25
705,705,D2,1837,330,2025-01-06
706,706,B5,93,16,2025-04-28
707,707,A4,0,14,2024-11-11
708,708,A10,166,29,2026-05-10
709,709, D9 ,114,20,2025-06-12
710,710,C2,54,9,2025-06-29
711,711,D3,131,23,2025-06-02
712,712,C3,148,26,2025-07-20
713,713,B5,835,150,2024-12-04
714,714,C12,618,111,2026-01-16
715,715,C5,831,149,2026-05-29
716,716,D10,515,92,2025-12-30
717,717,D3,1413,254,2025-02-04
718,718,B4,162,29,2024-09-27
719,719,C12,39,7,2024-11-29
720,720,D11,1513,272,2025-12-09
721,721,B8,1509,271,2026-02-20
722,722,D12,3,5,2025-08-31
723,723,A9,1120,201,2024-09-02
724,724,B2,2,5,2025-08-30
725,725,D9,1697,305,2026-05-04
726,726,D2,3,5,2024-11-24
727,727,D2,82,14,2026-06-08
728,728,D9,1764,317,2026-07-01
729,729,D12,2,5,2025-12-27
730,730,C10,41,7,2024-10-24
731,731,C11,978,176,2025-04-07
732,732,B3,158,28,2026-04-08
733,733,A12,49,8,2025-12-28
734,734,A11 ,150,27,2025-08-21
735,735,D5,18,5,2024-12-07
736,736,A5,3,5,2025-08-06
737,737,C11,3,5,2024-11-10
738,738,B3,656,118,2025-11-23
739,739,A1,74,13,2026-02-12
740,740,D12,1384,249,2025-11-08
741,741,B7,3,5,2024-09-16
742,742,B2,36,6,2025-12-03
743,743,B5,122,21,2025-08-21
744,744,C8,752,135,2025-06-16
745,745,B5,644,115,2025-03-12
746,746,C9 ,177,31,2024-11-24
747,747,B3,-2,24,2025-10-02
748,748,A8,1,5,2026-04-15
749,749,A8,3,5,2026-08-02
750,750,C5,31,5,2025-11-25
751,751,B12,1363,245,2025-03-03
752,752,C5,1,5,2025-06-16
753,753,D2,70,12,2025-12-24
754,754,C7,600,108,2025-08-11
755,755,D1,117,21,2025-09-13
756,756,D12,1796,323,2024-11-03
757,757,C1,0,12,2025-09-26
758,758,D5,510,91,2026-07-20
759,759,D9,172,30,2025-04-26
760,760,C7,883,158,2024-12-21
761,761,B6,780,140,2025-07-16
762,762,A1,631,113,2025-09-12
763,763,A1,2,5,2026-08-06
764,764,B5,1741,313,2024-12-11
765,765,C12,72,12,2025-10-08
766,766,D3,1303,234,2025-05-15
767,767,D2,587,105,2026-01-06
768,768,A8,1856,334,2026-05-16
769,769,D2,108,19,2026-02-14
770,770,C2,624,112,2024-12-20
771,771,A3,1,5,2025-11-26
772,772,B6,142,25,2025-01-24
773,773,B10,1888,339,2026-08-01
774,774,C6,1490,268,2025-10-07
775,775,C7,604,108,2025-06-28
776,776,A12,3,5,2025-11-14
777,777,B1,1195,215,2025-11-08
778,778,B3,1502,270,2026-06-19
779,779,B2,1976,355,2025-09-06
780,780,C7,1971,354,2026-02-12
781,781,B11,1622,291,2026-08-06
782,782,A1,11,5,2025-11-03
783,783,C3,24,5,2024-11-26
784,784,A6,0,27,2026-08-06
785,785,B11,137,24,2025-11-23
786,786,D2,960,172,2026-08-06
787,787,A1,132,23,2025-09-23
788,788,C9,2,5,2024-10-03
789,789, B11 ,99,17,2026-06-07
790,790,C6,2,5,2026-05-15
791,791, D6 ,3,5,2025-08-25
792,792,D2,1,5,2025-04-28
793,793,A5,177,31,2024-11-05
794,794,A10,132,23,2026-06-02
795,795,C11,1036,186,2025-09-16
796,796,B10,1657,298,2026-03-30
797,797,A10,1129,203,2025-11-06
798,798,B6,1622,291,2024-11-14
799,799,B7,53,9,2024-10-22
800,800,C6,79,14,2025-05-12
801,801,A3,121,21,2024-09-11
802,802,A12,38,6,2024-12-31
803,803,B1,3,5,2026-06-06
804,804,C9,1,5,2025-10-10
805,805,D5,63,11,2025-12-05
806,806,B10,146,26,2026-02-28
807,807,A6,1990,358,2026-07-23
808,808,B8,1596,287,2024-11-24
809,809,B10,136,24,2025-10-29
810,810,C10,2,5,2025-05-01
811,811,D12,1010,181,2025-05-17
812,812,C5,1819,327,2025-12-01
813,813,A7,159,28,2024-12-19
814,814,D9,1658,298,2025-11-30
815,815,C2,949,170,2025-04-29
816,816, D11 ,1461,262,2024-11-10
817,817,B6,90,16,2026-04-03
818,818,B3,639,115,2024-11-25
819,819,C4,1913,344,2025-09-05
820,820,D4,740,133,2025-02-24
821,821,D1,106,19,2026-07-30
822,822,C5,1359,244,2025-11-29
823,823,D1,96,17,2025-11-03
824,824,A3,1,5,2025-10-03
825,825,B11,749,134,2026-05-24
826,826,C3,1550,279,2025-03-27
827,827,A6,0,12,2025-10-06
828,828,A3 ,21,5,2025-01-14
829,829,D8,1542,277,2024-12-31
830,830,A3,118,21,2025-08-24
831,831,B5,1136,204,2025-02-26
832,832,A9,1966,353,2026-02-28
833,833,D5,173,31,2024-10-22
834,834,D1,1876,337,2024-11-08
835,835,B6,49,8,2025-11-05
836,836,A2,1807,325,2024-10-30
837,837,B8,1055,189,2025-03-13
838,838,A9,827,148,2025-11-05
839,839,B3,105,18,2024-12-25
840,840,C4,757,136,2026-02-28
841,841,A12,24,5,2026-07-12
842,842,D4,64,11,2026-06-30
843,843,C11,125,22,2024-11-01
844,844,C2,564,101,2025-12-01
845,845,B3,45,8,2026-02-23
846,846,D7,1133,203,2024-12-25
847,847,D5,1463,263,2024-11-19
848,848,A8,2,5,2024-11-11
849,849,D11,1274,229,2025-08-25
850,850,A5,1460,262,2026-05-04
851,851,B3,605,108,2025-04-15
852,852,A4,1,5,2024-12-16
853,853,D7,74,13,2025-11-21
854,854,A12,1540,277,2025-05-17
855,855, C9 ,182,32,2026-08-06
856,856,D2,133,23,2025-09-23
857,857, A5 ,1961,352,2024-09-17
858,858,A12,146,26,2026-02-28
859,859,D8,158,28,2026-06-13
860,860,D4,934,168,2026-02-15
861,861,D10,3,5,2025-02-11
862,862,A12,34,6,2026-05-01
863,863,B9,103,18,2025-11-24
864,864,A9,1841,331,2025-09-03
865,865,D1 ,99,17,2024-12-01
866,866,B11,956,172,2025-06-23
867,867,C9,146,26,2025-12-27
868,868,C10 ,40,7,2026-04-03
869,869,A2,1583,284,2026-05-23
870,870,C4,2,5,2025-10-11
871,871,D10,0,26,2026-05-08
872,872,C9,3,5,2026-07-30
873,873,C12,2,5,2025-12-22
874,874,D8,662,119,2026-05-26
875,875,C12,117,21,2026-07-25
876,876,A7,134,24,2025-04-15
877,877,A1,108,19,2026-03-24
878,878,C2,0,10,2025-11-16
879,879,C11,1122,201,2026-02-04
880,880,D6,51,9,2024-11-14
881,881,C4,140,25,2026-06-07
882,882,D3,1,5,2025-12-10
883,883,B2,1228,221,2025-02-14
884,884,A10,1902,342,2025-12-17
885,885,B1,120,21,2025-11-15
886,886,D5,1557,280,2025-10-02
887,887,A6,1816,326,2024-12-23
888,888,B2,51,9,2025-09-03
889,889,D7,1366,245,2025-11-21
890,890,C5,2,5,2025-10-18
891,891,C9,1787,321,2025-04-23
892,892,B11,23,5,2025-12-29
893,893,D9,2,5,2025-11-04
894,894,A8,3,5,2025-01-12
895,895,B12,39,7,2025-05-24
896,896,A5,857,154,2025-07-19
897,897,B12,994,178,2026-04-14
898,898,A2,559,100,2024-11-17
899,899,A1,52,9,2025-05-14
900,900,D1,1,5,2024-11-27
901,901,C8,128,23,2025-12-28
902,902,C11,1861,334,2025-06-21
903,903,C5,2,5,2025-03-23
904,904,D7,1538,276,2026-04-25
905,905,B7,62,11,2026-08-06
906,906,A4,-2,10,2026-01-31
907,907,A11,136,24,2024-09-18
908,908,D5,93,16,2026-07-07
909,909,D7,189,34,2024-11-25
910,910,C9,171,30,2025-03-11
911,911,A9,60,10,2025-06-27
912,912,D10,3,5,2024-11-20
913,913,A6,1343,241,2025-06-22
914,914,C12,21,5,2026-05-18
915,915,A1,831,149,2025-02-10
916,916,C7,1512,272,2025-02-19
917,917,D6,1768,318,2025-11-28
918,918,B6,1514,272,2025-12-05
919,919,C7,64,11,2025-11-27
920,920,A1,0,12,2024-10-23
921,921,D12,625,112,2026-05-17
922,922,D4,22,5,2026-01-30
923,923,C8,2,5,2025-10-02
924,924,B6,3,5,2025-07-27
925,925,A11,1246,224,2026-07-11
926,926,D2,779,140,2026-04-19
927,927,A12,960,172,2025-02-25
928,928,B6,109,19,2025-11-21
929,929,B4,62,11,2025-01-05
930,930,B6,172,30,2025-10-29
931,931,B4,2,5,2026-01-19
932,932,B10,1,5,2025-07-13
933,933,B8,0,16,2025-03-24
934,934,B3,94,16,2025-04-17
935,935,B5,750,135,2026-04-10
936,936,B1,900,162,2024-10-07
937,937,A9,636,114,2026-06-20
938,938,B12,2,5,2025-02-16
939,939, C9 ,-2,5,2025-11-23
940,940,B11,502,90,2025-09-16
941,941,A4,198,35,2025-03-25
942,942, C5 ,1677,301,2026-05-27
943,943,C5,1349,242,2026-04-03
944,944,A12,911,163,2025-10-30
945,945,D4,0,22,2025-06-11
946,946,B11,1357,244,2025-12-16
947,947,C1,688,123,2024-11-08
948,948, B6 ,194,34,2026-07-22
949,949,D2,590,106,2026-05-16
950,950,D9,1411,253,2025-09-07
951,951,D1,3,5,2026-04-09
952,952,D12,1052,189,2026-06-04
953,953,C1,1996,359,2024-11-12
954,954, D7 ,1324,238,2025-02-14
955,955,C9,1188,213,2024-12-18
956,956,A6,53,9,2025-12-30
957,957,B12,1052,189,2026-08-02
958,958,B10,197,35,2024-09-03
959,959,A1,805,144,2026-08-06
960,960,A10,64,11,2024-11-29
961,961,B4,122,21,2025-11-18
962,962,C2,125,22,2025-12-07
963,963,D2,2,5,2024-09-25
964,964,A7,76,13,2025-04-14
965,965,B4,151,27,2025-07-17
966,966,D9,3,5,2026-06-08
967,967,B8,1652,297,2025-12-31
968,968,B2,2,5,2025-11-22
969,969,A1,65,11,2024-11-09
970,970,A3,91,16,2025-03-18
971,971,A1,119,21,2025-06-30
972,972,A1,951,171,2025-03-02
973,973,B10,70,12,2025-06-11
974,974,D4,1005,180,2026-06-13
975,975,B1,1298,233,2025-11-01
976,976,A10,1047,188,2025-09-26
977,977,B4,768,138,2025-09-05
978,978,A9,657,118,2026-02-18
979,979,B3,154,27,2026-07-03
980,980,C2,15,5,2026-08-06
981,981,B9,2,5,2025-11-24
982,982,A6,50,9,2025-05-23
983,983,D3,696,125,2025-11-01
984,984,D6,1081,194,2024-10-15
985,985,A2,2,5,2024-12-06
986,986,C8,0,23,2026-05-11
987,987,A5,56,10,2026-02-28
988,988,C1,1404,252,2025-01-10
989,989,D1,1456,262,2025-06-16
990,990,D6,1559,280,2024-10-17
991,991,B2,1,5,2026-05-16
992,992,B10,22,5,2025-03-29
993,993,C12,1083,194,2025-10-02
994,994,B8,1453,261,2026-08-06
995,995,D8,135,24,2024-12-24
996,996,D5,984,177,2026-05-15
997,997,B7,678,122,2025-02-01
998,998,D2,192,34,2024-11-01
999,999,B8,974,175,2024-09-23
1000,1000,D11,2,5,2026-04-12
1001,1001,C7,0,23,2024-09-05
1002,1002,D9,561,100,2026-07-29
1003,1003,D2,41,7,2024-12-02
1004,1004,B1,130,23,2026-03-10
1005,1005,B11,32,5,2026-04-04
1006,1006,D2,176,31,2024-11-09
1007,1007,B3,148,26,2025-05-12
1008,1008,C11,79,14,2025-02-07
1009,1009,C2,2,5,2024-09-16
1010,1010,B9,180,32,2025-06-03
1011,1011,A4,654,117,2025-08-13
1012,1012,D8,158,28,2025-12-31
1013,1013,B12,870,156,2025-01-20
1014,1014,A1,1578,284,2026-04-28
1015,1015,B4,54,9,2025-08-16
1016,1016,B5,2,5,2025-12-09
1017,1017,C9,1575,283,2025-07-19
1018,1018,D10,665,119,2024-10-29
1019,1019,D4,1395,251,2026-08-04
1020,1020,A8,111,19,2026-02-28
1021,1021,B10,1063,191,2026-08-03
1022,1022,C10,600,108,2026-03-25
1023,1023,A5 ,192,34,2025-07-02
1024,1024,B1 ,1338,240,2025-12-28
1025,1025,A11,664,119,2026-04-28
1026,1026,B10,167,30,2025-11-12
1027,1027,B5,83,14,2025-11-21
1028,1028,C11,67,12,2024-12-22
1029,1029,B9,1880,338,2024-11-23
1030,1030,B8 ,943,169,2026-01-12
1031,1031,D6,1030,185,2025-10-07
1032,1032,D4,1514,272,2026-01-05
1033,1033,B3,53,9,2025-10-04
1034,1034,C2 ,0,14,2024-09-08
1035,1035,D5,45,8,2026-07-01
1036,1036,C7,0,17,2024-11-18
1037,1037,C6,1176,211,2025-12-04
1038,1038,D9,1723,310,2025-11-23
1039,1039,A5,0,10,2025-02-27
1040,1040,C7,1457,262,2026-04-05
1041,1041,D3,49,8,2025-02-07
1042,1042,C8,1,5,2024-10-26
1043,1043,B6,1175,211,2025-12-31
1044,1044,C1,547,98,2025-04-02
1045,1045,D2,3,5,2024-12-19
1046,1046,A2,83,14,2024-12-20
1047,1047,D10,1702,306,2024-09-26
1048,1048,C5,45,8,2025-03-16
1049,1049,D2 ,20,5,2025-02-28
1050,1050,C8 ,1180,212,2025-08-05
1051,1051,C6 ,2,5,2025-08-31
1052,1052,D5,103,18,2025-12-29
1053,1053,D3,76,13,2025-09-04
1054,1054,B3,165,29,2026-03-08
1055,1055,D7,896,161,2026-05-15
1056,1056,A10 ,168,30,2025-10-22
1057,1057,B2,2,5,2026-04-23
1058,1058,B7 ,507,91,2026-08-05
1059,1059,A10,1817,327,2025-12-08
1060,1060,A10,184,33,2024-12-10
1061,1061,C7,178,32,2025-09-05
1062,1062,C5,1,5,2024-10-30
1063,1063,A7,1612,290,2026-02-17
1064,1064,A1,47,8,2024-10-23
1065,1065,B2,642,115,2025-08-03
1066,1066,D4,1205,216,2026-06-19
1067,1067,B9,1285,231,2026-04-28
1068,1068,B10 ,1384,249,2024-10-04
1069,1069,A8,853,153,2025-05-11
1070,1070,D10,1572,282,2025-04-14
1071,1071,C1,1263,227,2024-10-19
1072,1072,C9,1684,303,2024-11-19
1073,1073,B10 ,0,23,2025-10-03
1074,1074,C1,942,169,2025-04-22
1075,1075,D3,1153,207,2024-10-04
1076,1076,B11,1,5,2026-04-10
1077,1077,B3 ,858,154,2025-10-30
1078,1078,B6,1348,242,2025-12-22
1079,1079, D3 ,45,8,2025-12-21
1080,1080,B8,45,8,2024-10-06
1081,1081,D10,1636,294,2024-09-20
1082,1082,A4,788,141,2026-04-18
1083,1083,C4 ,0,12,2026-07-22
1084,1084,B6,1250,225,2025-10-08
1085,1085,B5,3,5,2025-09-24
1086,1086,A12,1,5,2024-11-13
1087,1087,B4 ,2,5,2025-10-27
1088,1088,C6,1301,234,2024-09-16
1089,1089,A3,748,134,2026-03-09
1090,1090,A10,82,14,2025-09-03
1091,1091,B2,141,25,2025-12-07
1092,1092,D12,0,20,2025-08-19
1093,1093,C8,71,12,2026-01-13
1094,1094,A5,1433,257,2025-10-10
1095,1095,B6,2,5,2025-09-01
1096,1096,C6,178,32,2025-05-15
1097,1097,D3,97,17,2025-03-07
1098,1098,C12,2,5,2026-02-28
1099,1099,D3,2,5,2025-12-23
1100,1100, D7 ,0,29,2026-05-25
1101,1101,B12,1306,235,2026-03-24
1102,1102,B10,45,8,2024-10-12
1103,1103,A3,1949,350,2026-07-29
1104,1104,A11,172,30,2026-02-25
1105,1105,D11,1,5,2025-04-30
1106,1106,C2,1531,275,2025-11-21
1107,1107, A8 ,832,149,2026-02-16
1108,1108,B11,140,25,2024-11-20
1109,1109,C1,1663,299,2026-07-03
1110,1110,B10,1909,343,2025-11-10
1111,1111,A1,1176,211,2024-09-23
1112,1112,A12 ,86,15,2025-10-02
1113,1113,A2,142,25,2024-12-15
1114,1114,A11,109,19,2025-02-06
1115,1115,B4,1326,238,2024-10-13
1116,1116,C3,29,5,2025-06-17
1117,1117,A3,3,5,2025-02-02
1118,1118,A4,2,5,2026-04-16
1119,1119,B9,-2,5,2026-04-07
1120,1120,C5,1828,329,2024-09-04
1121,1121,A1,1866,335,2026-02-20
1122,1122,D5,2,5,2024-10-31
1123,1123,D1,985,177,2025-07-11
1124,1124,C4,0,15,2024-11-23
1125,1125,A11,189,34,2025-10-22
1126,1126,D9,2,5,2026-07-26
1127,1127,D6,896,161,2025-01-29
1128,1128,B12,0,29,2026-04-23
1129,1129,D6,36,6,2026-03-28
1130,1130,B10,1963,353,2026-02-03
1131,1131,C8,1148,206,2025-02-08
1132,1132,C4,1718,309,2025-11-21
1133,1133,C2,1,5,2024-11-04
1134,1134,A12,507,91,2025-08-31
1135,1135,C3,105,18,2026-06-28
1136,1136,B8,1929,347,2025-09-28
1137,1137,B10,733,131,2024-09-20
1138,1138,A12,92,16,2025-12-14
1139,1139,A2,1558,280,2026-05-05
1140,1140,A8,3,5,2024-12-09
1141,1141,D11,113,20,2024-11-12
1142,1142,A6,1549,278,2024-09-15
1143,1143,B2,3,5,2026-02-19
1144,1144,C10,105,18,2026-06-29
1145,1145,C6,1,5,2025-08-30
1146,1146,B6,812,146,2025-02-14
1147,1147,D6,764,137,2026-06-14
1148,1148,B5,125,22,2024-12-19
1149,1149,A12,96,17,2025-06-16
1150,1150,D4,2,5,2026-05-05
1151,1151,C7,40,7,2026-08-05
1152,1152,A7,2,5,2025-02-07
1153,1153,D9,1,5,2026-07-23
1154,1154,D4,1102,198,2025-08-31
1155,1155,C10,103,18,2025-11-29
1156,1156,B4,1117,201,2026-02-04
1157,1157,A9,131,23,2025-05-04
1158,1158,C11,2,5,2026-04-28
1159,1159,A11,139,25,2026-06-14
1160,1160,D3,44,7,2026-02-27
1161,1161,C8,3,5,2024-11-09
1162,1162,C10,151,27,2024-10-17
1163,1163,B7,1984,357,2025-03-15
1164,1164,B11,1600,288,2026-02-11
1165,1165,D8,0,11,2026-04-14
1166,1166,B11,77,13,2025-06-24
1167,1167,C10,1339,241,2024-11-18
1168,1168,D1,3,5,2026-01-01
1169,1169,C10,1986,357,2026-04-04
1170,1170,B9,908,163,2024-11-10
1171,1171,D9,110,19,2025-06-19
1172,1172,C2,3,5,2025-11-29
1173,1173,C2,171,30,2026-02-18
1174,1174,D5,89,16,2026-07-31
1175,1175,A10,1769,318,2024-12-02
1176,1176,C5,138,24,2026-06-01
1177,1177,C8,1002,180,2026-04-29
1178,1178,C8 ,107,19,2025-09-30
1179,1179,C2,1047,188,2025-11-26
1180,1180,B10,14,5,2025-12-05
1181,1181,D5,178,32,2026-05-28
1182,1182, B7 ,575,103,2025-10-18
1183,1183,D3,694,124,2024-12-12
1184,1184,C3,1250,225,2025-06-01
1185,1185,C7,0,27,2025-04-29
1186,1186,B3,1,5,2026-07-06
1187,1187,D1,176,31,2024-11-14
1188,1188,A8,2,5,2025-07-15
1189,1189,D6,1,5,2026-08-06
1190,1190,B7,1118,201,2025-09-19
1191,1191,D3,970,174,2025-06-07
1192,1192,C12,1575,283,2025-12-14
1193,1193,D5,785,141,2025-01-08
1194,1194,B8,1241,223,2026-04-01
1195,1195,D7,602,108,2025-08-24
1196,1196,C4,63,11,2025-06-14
1197,1197,B8,629,113,2025-06-12
1198,1198,A12,169,30,2025-12-17
1199,1199,B5 ,1942,349,2025-11-04
1200,1200,A6,67,12,2025-09-18
1201,1201,D3,101,18,2025-11-02
1202,1202,C12,634,114,2026-05-30
1203,1203,C6,1880,338,2026-03-19
1204,1204,C12,1,5,2025-09-15
1205,1205,A11,1,5,2026-06-13
1206,1206,A9 ,667,120,2025-07-02
1207,1207,A12,199,35,2025-03-20
1208,1208,A4,2,5,2024-11-20
1209,1209,D7,1833,329,2024-12-21
1210,1210,D10,1157,208,2025-12-15
1211,1211,C2,2,5,2025-10-14
1212,1212,D9,73,13,2024-11-28
1213,1213,C2,195,35,2025-08-24
1214,1214,C1,155,27,2024-11-30
1215,1215,D5,3,5,2025-05-19
1216,1216,D6,871,156,2025-01-31
1217,1217,B9,132,23,2025-08-10
1218,1218,D9,1,5,2026-04-06
1219,1219,B7,3,5,2025-03-01
1220,1220,A8,42,7,2026-07-09
1221,1221,A1,3,5,2025-08-16
1222,1222,C9,185,33,2024-12-12
1223,1223,B10,0,27,2025-12-22
1224,1224,A6,1768,318,2026-05-14
1225,1225,D1,749,134,2025-08-08
1226,1226,C7,117,21,2026-05-12
1227,1227,C3,1106,199,2026-02-04
1228,1228,B1,125,22,2024-11-19
1229,1229,D11,186,33,2026-04-23
1230,1230,D4,1447,260,2024-11-05
1231,1231,D3 ,1442,259,2025-05-05
1232,1232,A4,0,11,2026-06-29
1233,1233,B1,0,20,2025-02-01
1234,1234,D3,1043,187,2024-09-22
1235,1235,D4,745,134,2025-06-06
1236,1236,D10,818,147,2026-06-06
1237,1237,B9,755,135,2025-06-18
1238,1238,B5,176,31,2024-11-30
1239,1239,C2 ,775,139,2025-06-09
1240,1240,B10 ,1877,337,2026-08-06
1241,1241,A3,984,177,2024-12-01
1242,1242,C6,2,5,2026-06-27
1243,1243,B10,54,9,2024-11-25
1244,1244,C9,67,12,2024-11-04
1245,1245,C9,0,11,2024-10-08
1246,1246,A2,1882,338,2024-12-07
1247,1247,A7,146,26,2026-06-22
1248,1248,A6,1231,221,2026-03-22
1249,1249,C7,1507,271,2025-04-16
1250,1250,B8,54,9,2024-11-20
1251,1251,D3,710,127,2025-10-10
1252,1252,D4,1791,322,2024-11-30
1253,1253,C9,902,162,2025-12-25
1254,1254,A11,1030,185,2026-05-04
1255,1255,A6,33,5,2025-09-09
1256,1256,A10,1339,241,2025-01-25
1257,1257,B4,1,5,2025-03-18
1258,1258,C10,141,25,2025-05-10
1259,1259, D9 ,1560,280,2026-07-25
1260,1260, B1 ,2,5,2026-04-03
1261,1261,C9,1297,233,2025-10-02
1262,1262,D4,0,20,2025-12-17
1263,1263, A5 ,1933,347,2024-11-30
1264,1264,A2,3,5,2024-12-16
1265,1265,C4,97,17,2025-10-22
1266,1266,C4 ,538,96,2024-11-15
1267,1267,A9,676,121,2024-09-19
1268,1268,C10,3,5,2024-11-27
1269,1269,D10,158,28,2024-11-21
1270,1270,A12,1143,205,2026-01-22
1271,1271,D1,2,5,2026-04-29
1272,1272,D4,116,20,2026-03-20
1273,1273,D3,1,5,2026-08-06
1274,1274,B12,-2,19,2026-05-22
1275,1275,B2,1236,222,2025-06-10
1276,1276,B2,701,126,2025-07-10
1277,1277,A4,1,5,2025-03-11
1278,1278,A4,190,34,2024-12-24
1279,1279,A10,1628,293,2026-03-08
1280,1280,D11,111,19,2025-11-23
1281,1281,B9,1793,322,2024-11-02
1282,1282,C2,655,117,2025-12-08
1283,1283,D8,117,21,2024-12-09
1284,1284,B12,2,5,2025-06-09
1285,1285,A11,1683,302,2026-05-21
1286,1286,B5,1678,302,2024-10-10
1287,1287,B7,1429,257,2025-05-16
1288,1288,B12,84,15,2024-09-01
1289,1289,B3,829,149,2025-07-09
1290,1290,C12,-2,163,2025-12-28
1291,1291,B5,1551,279,2024-09-02
1292,1292,C5,0,18,2025-11-12
1293,1293,B5,-2,205,2025-11-21
1294,1294,B5,0,10,2026-06-20
1295,1295,D6,1898,341,2025-06-06
1296,1296,C9,789,142,2024-11-01
1297,1297,C5,1880,338,2025-12-19
1298,1298,C5,66,11,2025-05-13
1299,1299,C7,61,10,2024-12-30
1300,1300,C4,10,5,2025-11-06
1301,1301,D11,1958,352,2024-11-15
1302,1302,A2,1,5,2024-11-17
1303,1303,D12,197,35,2026-01-23
1304,1304,A3,536,96,2025-12-11
1305,1305,D4,97,17,2025-11-10
1306,1306, B12 ,140,25,2026-03-20
1307,1307,C5,1693,304,2024-11-17
1308,1308,A7,1416,254,2024-10-17
1309,1309,D9,81,14,2026-08-06
1310,1310,A8,82,14,2025-09-21
1311,1311,B1,13,5,2026-07-11
1312,1312,B9,1367,246,2025-11-27
1313,1313,A3,39,7,2025-12-14
1314,1314,A6,903,162,2025-03-06
1315,1315,D7,1,5,2026-05-25
1316,1316,C12,88,15,2025-05-09
1317,1317,A3,1496,269,2026-05-28
1318,1318,B7,177,31,2025-03-23
1319,1319,C11,1506,271,2025-11-21
1320,1320,D8,151,27,2026-03-20
1321,1321,A3,3,5,2026-03-02
1322,1322,C8,178,32,2026-03-22
1323,1323,D7,1117,201,2026-08-06
1324,1324,B8,-2,26,2026-07-14
1325,1325,B9,90,16,2024-12-26
1326,1326,C10,11,5,2025-05-12
1327,1327,A10,158,28,2025-09-27
1328,1328,C10,80,14,2026-01-09
1329,1329,B8,2,5,2025-12-09
1330,1330,D12,868,156,2025-12-30
1331,1331,C3,3,5,2025-03-08
1332,1332,C4,581,104,2025-04-17
1333,1333,B3,146,26,2024-12-02
1334,1334,C8,-2,15,2026-05-09
1335,1335,C8,584,105,2025-06-10
1336,1336,B11,798,143,2025-07-25
1337,1337,D6,1103,198,2026-07-20
1338,1338,A6,1109,199,2026-06-19
1339,1339,D9,1281,230,2025-02-10
1340,1340,C2,74,13,2026-05-15
1341,1341,C6,628,113,2025-10-05
1342,1342,C2,1321,237,2025-11-07
1343,1343,D6,1771,318,2025-06-28
1344,1344,B9,608,109,2026-08-06
1345,1345,A9,0,12,2025-12-12
1346,1346,D5,1060,190,2025-04-09
1347,1347,D1,1651,297,2025-10-20
1348,1348,B5,152,27,2026-05-05
1349,1349,A7,2,5,2024-10-06
1350,1350,C2,75,13,2024-12-29
1351,1351,C10,0,19,2024-09-20
1352,1352,B2,685,123,2024-11-01
1353,1353,A8,1596,287,2025-10-17
1354,1354,A1,1,5,2025-05-27
1355,1355,A1,800,144,2025-08-17
1356,1356,D7,1658,298,2025-08-16
1357,1357,A7,50,9,2024-12-06
1358,1358,A9,1,5,2026-03-10
1359,1359,C4,1862,335,2025-04-13
1360,1360, A3 ,153,27,2026-04-30
1361,1361,D10,51,9,2024-12-14
1362,1362,D5,719,129,2025-04-20
1363,1363,A2,3,5,2025-11-08
1364,1364,A4,1630,293,2025-04-04
1365,1365,B12,179,32,2024-12-28
1366,1366,C4,615,110,2026-06-10
1367,1367,C9,1037,186,2025-07-21
1368,1368,C3,105,18,2026-06-01
1369,1369,B11,917,165,2026-08-06
1370,1370,B4,35,6,2025-05-26
1371,1371,B4,1148,206,2025-04-16
1372,1372,D10,806,145,2024-12-15
1373,1373,B8,1664,299,2025-09-12
1374,1374,D6,57,10,2024-12-11
1375,1375,A2,1720,309,2025-02-25
1376,1376,D2,150,27,2026-02-03
1377,1377,A6,984,177,2025-06-20
1378,1378,B5,1260,226,2024-12-02
1379,1379,D5,45,8,2025-03-12
1380,1380,D2,1719,309,2024-12-22
1381,1381,D10,1657,298,2025-01-14
1382,1382,B8,112,20,2026-02-15
1383,1383,D10,108,19,2026-04-04
1384,1384,A6,22,5,2026-07-29
1385,1385,A4,1811,325,2026-08-06
1386,1386,A1,1917,345,2025-06-10
1387,1387,D9,161,28,2024-10-02
1388,1388,A11,1646,296,2025-11-12
1389,1389,B5,800,144,2024-10-29
1390,1390,A11,2,5,2025-12-13
1391,1391,D4,148,26,2025-12-12
1392,1392,B4,186,33,2024-11-28
1393,1393,C12,1323,238,2026-02-03
1394,1394,D1,1856,334,2025-02-17
1395,1395,D11,154,27,2025-05-20
1396,1396, C3 ,60,10,2024-10-27
1397,1397,D3,128,23,2025-06-20
1398,1398,A2,814,146,2025-03-16
1399,1399,C12,1858,334,2025-11-14
1400,1400,C11,901,162,2025-02-24
1401,1401,D1,1051,189,2025-11-16
1402,1402,D5,1473,265,2025-03-17
1403,1403,D9,1,5,2025-01-25
1404,1404,D12 ,59,10,2026-01-11
1405,1405, B4 ,86,15,2025-03-17
1406,1406,C2,0,27,2024-12-16
1407,1407,A10,2,5,2026-07-15
1408,1408,C12,1,5,2026-04-23
1409,1409,B7,706,127,2025-08-02
1410,1410,D3,73,13,2024-10-19
1411,1411,B2,1,5,2025-09-19
1412,1412,D12,616,110,2024-09-20
1413,1413,D2,68,12,2026-04-04
1414,1414,C3,116,20,2025-06-14
1415,1415,D6,2,5,2024-12-30
1416,1416,C2,28,5,2026-02-06
1417,1417,D9,720,129,2024-12-30
1418,1418,D3,1942,349,2025-12-07
1419,1419,B10,1,5,2025-11-21
1420,1420,A4,3,5,2024-12-18
1421,1421,C10,30,5,2025-12-21
1422,1422,D3,135,24,2026-03-08
1423,1423,B4,140,25,2026-02-17
1424,1424,D3,112,20,2025-11-16
1425,1425,A4,1826,328,2024-11-04
1426,1426,A1,3,5,2024-12-12
1427,1427,C2,3,5,2025-03-07
1428,1428,B2,1,5,2026-06-07
1429,1429,B8,1175,211,2024-11-19
1430,1430,A2,548,98,2025-10-21
1431,1431,D5,1463,263,2026-05-29
1432,1432,A6,3,5,2025-06-10
1433,1433,B3,47,8,2026-05-30
1434,1434,D7,1756,316,2025-03-25
1435,1435,D7,54,9,2025-06-03
1436,1436,D4,31,5,2025-11-06
1437,1437,A6,147,26,2025-11-03
1438,1438,C4,1402,252,2025-05-05
1439,1439,A6,1493,268,2025-07-30
1440,1440,A9,1615,290,2025-11-02
1441,1441,C7,2,5,2026-04-04
1442,1442,B8,1841,331,2025-04-02
1443,1443,C10,1092,196,2025-10-05
1444,1444,C4,79,14,2026-02-26
1445,1445,D6,1606,289,2026-07-05
1446,1446,A6,125,22,2024-11-24
1447,1447,B12,1205,216,2024-10-21
1448,1448,A11,1479,266,2024-09-21
1449,1449,B8,1753,315,2024-12-16
1450,1450,A12,78,14,2025-09-26
1451,1451,B5,578,104,2024-12-07
1452,1452,A10,2,5,2025-02-03
1453,1453,D12,1589,286,2024-12-05
1454,1454,A11,1192,214,2026-05-15
1455,1455,B3,1145,206,2026-05-21
1456,1456,A11,22,5,2025-07-15
1457,1457,A4,1255,225,2025-04-21
1458,1458,B11,1,5,2026-06-12
1459,1459,D2,690,124,2025-11-14
1460,1460,D11,1984,357,2024-12-05
1461,1461,C5,2,5,2026-03-10
1462,1462,B3,572,102,2025-03-15
1463,1463,B8,533,95,2026-04-16
1464,1464,B4,61,10,2025-09-02
1465,1465,C7,2,5,2025-12-03
1466,1466,B5,1,5,2025-12-03
1467,1467,B8,1,5,2024-10-24
1468,1468, C11 ,1197,215,2026-01-18
1469,1469,A4,0,18,2025-01-24
1470,1470,D6,903,162,2026-02-05
1471,1471,B1,1206,217,2025-03-21
1472,1472, C11 ,1265,227,2024-11-21
1473,1473,C8,0,27,2025-11-05
1474,1474,D5,1,5,2026-08-05
1475,1475,D11,1701,306,2024-09-06
1476,1476,C12,527,94,2024-09-11
1477,1477,B4,1,5,2024-12-26
1478,1478,C3,129,23,2024-11-21
1479,1479,D3,1038,186,2026-01-15
1480,1480,C2,1535,276,2025-11-27
1481,1481,A10,534,96,2024-10-20
1482,1482,C8,183,32,2024-11-30
1483,1483,C1,53,9,2026-02-27
1484,1484,C11,1115,200,2024-12-14
1485,1485,A3,11,5,2024-11-02
1486,1486,C5,3,5,2024-10-19
1487,1487,D1,31,5,2026-03-03
1488,1488,D9,0,12,2026-06-24
1489,1489,D12,12,5,2026-04-25
1490,1490,C11,1,5,2024-09-19
1491,1491,C11,3,5,2025-02-08
1492,1492,D4 ,1838,330,2026-03-10
1493,1493,B9,564,101,2026-02-25
1494,1494,A3,1506,271,2024-12-16
1495,1495,A10,1295,233,2026-02-25
1496,1496,D1,0,14,2025-03-10
1497,1497,A10,1806,325,2026-08-06
1498,1498,C11,67,12,2026-06-19
1499,1499,D8,0,26,2026-05-28
1500,1500,B1,66,11,2025-07-03
1501,1501,D4,110,19,2025-09-05
1502,1502,C7,558,100,2025-12-06
1503,1503,D12,1485,267,2024-12-01
1504,1504,A7,1277,229,2025-10-27
1505,1505,B4,22,5,2026-02-03
1506,1506,A12,1116,200,2024-10-12
1507,1507,B12,1835,330,2025-01-17
1508,1508,D11,1646,296,2026-04-18
1509,1509,C9,147,26,2025-06-17
1510,1510,A6,196,35,2024-11-23
1511,1511,D10,1,5,2025-03-23
1512,1512,C1,1446,260,2025-12-11
1513,1513,B2,107,19,2025-11-20
1514,1514,D7,177,31,2025-11-20
1515,1515,D10,1835,330,2025-05-16
1516,1516,A6,1938,348,2026-01-15
1517,1517,A12,1786,321,2026-02-23
1518,1518,B8 ,160,28,2026-01-23
1519,1519,A1,570,102,2026-03-25
1520,1520,C9,1,5,2025-02-01
1521,1521,A1,1179,212,2026-06-01
1522,1522,C6,1456,262,2025-04-07
1523,1523,C12,1909,343,2025-02-17
1524,1524,A8,125,22,2025-11-05
1525,1525,A4,681,122,2026-07-25
1526,1526,C5,1,5,2025-02-17
1527,1527,C6,164,29,2024-12-28
1528,1528,D9,3,5,2024-10-16
1529,1529,B3,1070,192,2025-07-03
1530,1530,A9,1010,181,2026-05-17
1531,1531,D7,1,5,2026-05-15
1532,1532,A4,147,26,2026-02-21
1533,1533,B11,1126,202,2025-02-18
1534,1534,A8,0,16,2025-08-30
1535,1535,A11,91,16,2024-11-28
1536,1536, D8 ,0,13,2025-10-03
1537,1537,A9,3,5,2026-07-18
1538,1538,C3,1786,321,2026-02-28
1539,1539,C9,957,172,2025-06-30
1540,1540,A3,1232,221,2025-11-22
1541,1541,C8,196,35,2025-10-25
1542,1542,D10,1493,268,2025-11-28
1543,1543,C2,1341,241,2024-10-27
1544,1544,D2,1758,316,2025-11-18
1545,1545,C6,164,29,2025-10-14
1546,1546,D3,1209,217,2026-08-06
1547,1547,D1,1313,236,2024-10-17
1548,1548,A2,128,23,2025-05-22
1549,1549,B11,121,21,2026-04-20
1550,1550,C6,0,23,2025-06-21
1551,1551,A9,1340,241,2026-08-06
1552,1552,C5,45,8,2024-10-11
1553,1553,C6,0,14,2024-09-01
1554,1554,B5,642,115,2026-01-03
1555,1555,D10,2,5,2026-07-06
1556,1556,B4,1,5,2024-10-26
1557,1557,C4,1537,276,2025-12-14
1558,1558,D12,101,18,2025-07-30
1559,1559,C2,168,30,2025-09-18
1560,1560,D4,54,9,2025-12-24
1561,1561,C4,2,5,2025-01-08
1562,1562,D10,723,130,2025-09-01
1563,1563,B5,1738,312,2025-12-14
1564,1564,A2,3,5,2024-12-23
1565,1565,C12,3,5,2025-05-26
1566,1566,A9 ,1,5,2025-07-15
1567,1567,A10,142,25,2024-10-11
1568,1568,C3,1127,202,2026-08-06
1569,1569,A11,33,5,2024-09-26
1570,1570,A11,23,5,2024-11-27
1571,1571,A10,1785,321,2025-12-21
1572,1572,B4,81,14,2024-10-16
1573,1573,C7,136,24,2026-06-16
1574,1574,A9,900,162,2026-07-16
1575,1575,C4,2,5,2025-08-11
1576,1576,C7,2,5,2025-11-19
1577,1577,D3,120,21,2026-05-08
1578,1578,C6,726,130,2025-01-16
1579,1579,B4,943,169,2025-06-14
1580,1580,D8,127,22,2026-05-07
1581,1581,A4,3,5,2025-04-28
1582,1582,B12,1057,190,2026-06-06
1583,1583,C2,42,7,2025-12-08
1584,1584,D7,1353,243,2026-01-17
1585,1585,D9,888,159,2025-11-11
1586,1586,A8,176,31,2026-02-21
1587,1587,C5,1050,189,2026-04-23
1588,1588,D5,138,24,2026-07-31
1589,1589,C5 ,1004,180,2024-12-29
1590,1590,B1,0,19,2026-08-06
1591,1591,B2,156,28,2026-03-21
1592,1592,A8,168,30,2025-09-06
1593,1593,A8,2,5,2025-06-05
1594,1594,B12,900,162,2025-06-23
1595,1595,B9,139,25,2025-11-16
1596,1596,B1,646,116,2025-12-26
1597,1597,A2,21,5,2025-12-16
1598,1598,D7,107,19,2025-01-14
1599,1599,A9,3,5,2025-10-01
1600,1600,C8,768,138,2025-09-04
1601,1601,C1,3,5,2024-12-28
1602,1602,C4,944,169,2025-05-14
1603,1603,B6,3,5,2025-11-25
1604,1604,A3,1643,295,2026-05-24
1605,1605,D2,193,34,2025-04-15
1606,1606,C1,178,32,2025-02-10
1607,1607,D11,3,5,2024-11-19
1608,1608,B5,1203,216,2025-11-18
1609,1609,C2,2,5,2026-01-06
1610,1610,C8,1966,353,2024-12-05
1611,1611,B3,887,159,2025-11-30
1612,1612,B5,1418,255,2026-07-19
1613,1613,D9 ,1304,234,2025-12-19
1614,1614,C8,2,5,2025-11-11
1615,1615,B7,0,30,2024-10-29
1616,1616,B1,92,16,2026-08-06
1617,1617,B7,1111,199,2025-07-20
1618,1618,C2,584,105,2025-09-06
1619,1619,B9,1167,210,2026-03-30
1620,1620,C8,1436,258,2025-07-22
1621,1621,A1,16,5,2025-09-27
1622,1622,B11,18,5,2026-03-18
1623,1623,C1,0,17,2024-12-10
1624,1624,C1,0,26,2024-12-31
1625,1625,C6,911,163,2025-03-10
1626,1626,D6,1215,218,2025-10-23
1627,1627,A6,1,5,2025-11-26
1628,1628,B8,127,22,2026-03-03
1629,1629,D10,195,35,2025-04-24
1630,1630,B12,0,10,2024-12-14
1631,1631,D10,2,5,2025-06-03
1632,1632,A12,1428,257,2024-12-29
1633,1633,A1,1559,280,2025-02-04
1634,1634,B11,705,126,2024-10-12
1635,1635,D2,1721,309,2024-10-05
1636,1636,B5 ,124,22,2024-12-14
1637,1637,D12,1,5,2025-04-12
1638,1638,C2,2,5,2026-07-07
1639,1639,C4,922,165,2025-08-01
1640,1640,C3,149,26,2024-11-20
1641,1641, C7 ,2,5,2024-12-07
1642,1642, B12 ,136,24,2025-02-25
1643,1643,B8,1985,357,2026-05-26
1644,1644,A9,885,159,2025-04-09
1645,1645,C7,1575,283,2026-06-28
1646,1646,B8,1662,299,2024-10-01
1647,1647, B9 ,-2,30,2026-04-17
1648,1648,D9 ,941,169,2025-07-09
1649,1649,B9,1478,266,2026-05-22
1650,1650,C1,157,28,2026-01-16
1651,1651,C1,1736,312,2025-02-16
1652,1652,D3,3,5,2025-05-05
1653,1653,C5 ,2,5,2025-12-18
1654,1654, C10 ,1512,272,2025-01-16
1655,1655,B4,2,5,2025-12-20
1656,1656,C12,137,24,2025-10-28
1657,1657,B2,18,5,2025-04-25
1658,1658,B2,1,5,2025-12-25
1659,1659,B12,43,7,2026-06-09
1660,1660,C5,1,5,2026-05-21
1661,1661,C2,1891,340,2025-09-03
1662,1662,A11,600,108,2026-01-01
1663,1663,C4,1073,193,2025-05-08
1664,1664,D11,186,33,2025-01-16
1665,1665,B10,1535,276,2025-11-25
1666,1666,C10,1882,338,2025-02-06
1667,1667,D2,51,9,2025-02-21
1668,1668,B5,71,12,2026-01-06
1669,1669,B6,3,5,2026-05-07
1670,1670,B6,930,167,2025-09-24
1671,1671,B9,1,5,2024-10-30
1672,1672,D9,3,5,2025-12-11
1673,1673,A6,113,20,2026-02-11
1674,1674,B2,1230,221,2026-06-19
1675,1675,A1,1,5,2025-10-30
1676,1676,C2,137,24,2025-10-10
1677,1677,B9,145,26,2025-12-20
1678,1678,B7,1,5,2025-09-09
1679,1679,A8,1954,351,2024-12-11
1680,1680,B3,25,5,2026-03-22
1681,1681,C12,858,154,2025-11-15
1682,1682,A2,919,165,2025-03-10
1683,1683,D11,149,26,2026-07-23
1684,1684,B8,3,5,2026-04-26
1685,1685,A5,93,16,2025-04-26
1686,1686,D11,132,23,2024-09-10
1687,1687,B8,3,5,2026-07-31
1688,1688,A1,605,108,2024-11-30
1689,1689,A7,1319,237,2025-04-24
1690,1690,A8,1401,252,2024-12-14
1691,1691,A7 ,521,93,2026-05-12
1692,1692,D2,3,5,2025-04-19
1693,1693,D7,1182,212,2025-02-22
1694,1694,D7,182,32,2025-07-24
1695,1695,C5,1572,282,2026-08-06
1696,1696,A3 ,1223,220,2025-09-28
1697,1697,B5,1,5,2024-09-21
1698,1698,C7,1744,313,2025-11-10
1699,1699,B4,1567,282,2025-10-11
1700,1700,A3,77,13,2024-10-26
1701,1701,A11,32,5,2026-04-23
1702,1702,A11,2,5,2024-11-09
1703,1703,D12,1161,208,2024-10-03
1704,1704,B7,1161,208,2026-01-01
1705,1705,B5,2,5,2025-08-06
1706,1706,A2,2,5,2024-10-24
1707,1707,D7,1358,244,2025-10-15
1708,1708, A10 ,72,12,2025-05-10
1709,1709,A2,161,28,2026-01-20
1710,1710,C1,18,5,2024-10-06
1711,1711,A1,127,22,2025-04-10
1712,1712,C10,1679,302,2025-08-18
1713,1713,C5,1317,237,2025-10-27
1714,1714,A7,24,5,2025-12-16
1715,1715,D7,3,5,2025-05-25
1716,1716,A5,191,34,2024-12-09
1717,1717,A12,103,18,2025-06-12
1718,1718,B8,0,20,2025-03-19
1719,1719,B7,1988,357,2025-12-29
1720,1720,C12,735,132,2024-10-27
1721,1721,D10,76,13,2026-07-12
1722,1722,D11 ,1804,324,2026-05-21
1723,1723,B6,2,5,2025-03-15
1724,1724,B10,626,112,2024-11-29
1725,1725,B11,1,5,2025-11-13
1726,1726, A3 ,1458,262,2026-07-23
1727,1727,B3,1944,349,2026-06-07
1728,1728,B8,93,16,2024-11-29
1729,1729,B4,95,17,2025-06-29
1730,1730,A6 ,1625,292,2025-11-09
1731,1731,A11,786,141,2026-04-03
1732,1732,C11,-2,5,2025-07-02
1733,1733,B7,51,9,2025-07-07
1734,1734,A5,1270,228,2025-10-06
1735,1735,C10,595,107,2026-07-24
1736,1736,B8,3,5,2025-02-01
1737,1737, B2 ,0,15,2025-11-28
1738,1738,D10,676,121,2026-07-02
1739,1739,A9,609,109,2025-07-01
1740,1740,B8,996,179,2025-03-31
1741,1741,D10,3,5,2025-03-06
1742,1742,D6,30,5,2025-11-10
1743,1743,A2,163,29,2025-07-27
1744,1744,C11,195,35,2026-04-07
1745,1745,D5,55,9,2025-02-17
1746,1746,A4,574,103,2026-08-06
1747,1747,A5,177,31,2026-05-02
1748,1748,B4,174,31,2025-04-14
1749,1749,D7,94,16,2026-04-25
1750,1750,B3,1674,301,2026-08-06
1751,1751,C5,39,7,2026-08-06
1752,1752,D9,1,5,2025-03-27
1753,1753,D6,2,5,2025-09-21
1754,1754,C12,2,5,2025-09-04
1755,1755,D5,197,35,2025-12-21
1756,1756,C3,861,154,2024-10-09
1757,1757,C1,14,5,2026-03-07
1758,1758,B10,2,5,2024-12-15
1759,1759,A11,145,26,2025-07-04
1760,1760,C2,612,110,2025-11-09
1761,1761,B10,758,136,2025-07-19
1762,1762,B11,3,5,2024-10-29
1763,1763,A2,1957,352,2025-05-18
1764,1764,C9,1,5,2025-07-14
1765,1765,C9 ,192,34,2025-08-09
1766,1766,C9,1348,242,2026-07-20
1767,1767,A2,123,22,2025-06-11
1768,1768,A12,178,32,2025-11-01
1769,1769,D5,97,17,2024-11-07
1770,1770,A9,119,21,2024-12-18
1771,1771,D10 ,1,5,2024-10-21
1772,1772,C12,1127,202,2025-07-25
1773,1773,B4,148,26,2025-09-22
1774,1774,C5,873,157,2026-06-16
1775,1775,C10,168,30,2025-12-11
1776,1776,B5,554,99,2024-12-08
1777,1777,D4,1980,356,2024-10-27
1778,1778,D10,1,5,2024-11-12
1779,1779,D3,26,5,2024-10-11
1780,1780,D1,3,5,2026-07-26
1781,1781,A7,733,131,2025-12-11
1782,1782,D2,1441,259,2024-10-26
1783,1783,D4,1085,195,2024-11-28
1784,1784,B2,828,149,2025-12-13
1785,1785,B7,1644,295,2025-01-22
1786,1786,A8,782,140,2025-10-02
1787,1787,D1 ,128,23,2024-11-17
1788,1788,A11,39,7,2026-05-21
1789,1789,C1,1,5,2025-10-27
1790,1790,B2,157,28,2025-03-29
1791,1791,A10,1502,270,2026-06-08
1792,1792,D7,1640,295,2025-09-04
1793,1793,A12,168,30,2025-10-31
1794,1794,B11,0,24,2025-05-01
1795,1795,C12,677,121,2024-11-30
1796,1796,D9,1450,261,2024-12-19
1797,1797,A11,3,5,2025-07-20
1798,1798,C9,1237,222,2025-12-10
1799,1799,B1,1247,224,2024-12-07
1800,1800,B9,1775,319,2024-11-03
1801,1801,A11,101,18,2025-09-25
1802,1802,B1,0,21,2024-11-28
1803,1803,D3 ,135,24,2025-06-05
1804,1804,C1,1,5,2025-10-24
1805,1805,C10,109,19,2025-08-23
1806,1806,C11,2,5,2026-05-05
1807,1807,C10,839,151,2024-10-14
1808,1808,B8,33,5,2026-05-30
1809,1809,B8,183,32,2025-11-17
1810,1810,B9,1293,232,2024-11-23
1811,1811,D7,1584,285,2024-11-08
1812,1812,C11,28,5,2026-04-26
1813,1813,B2,1479,266,2024-09-18
1814,1814,A3,94,16,2025-10-02
1815,1815,C3,1010,181,2026-05-29
1816,1816,C10,1,5,2026-06-30
1817,1817,A12,101,18,2025-11-19
1818,1818,A4,176,31,2026-07-16
1819,1819,C7,986,177,2025-11-01
1820,1820,A3,104,18,2026-06-05
1821,1821,D10,126,22,2026-04-01
1822,1822,D2,1942,349,2024-10-19
1823,1823,A9,1586,285,2025-05-31
1824,1824,B3,0,14,2025-05-23
1825,1825,A5,1324,238,2025-04-20
1826,1826, A9 ,1929,347,2026-08-06
1827,1827,C12,1693,304,2024-11-05
1828,1828,A3,2,5,2025-01-05
1829,1829,B12,3,5,2024-11-28
1830,1830,C3,859,154,2025-10-22
1831,1831,A1,1,5,2026-04-24
1832,1832,A9,52,9,2024-12-14
1833,1833,A6,0,26,2025-10-23
1834,1834,B1,2,5,2024-12-05
1835,1835, C5 ,152,27,2024-10-24
1836,1836,B1,1464,263,2024-11-03
1837,1837,A4,1703,306,2025-06-27
1838,1838,A7,0,11,2024-12-06
1839,1839,D9,699,125,2024-11-13
1840,1840,B8,114,20,2025-06-22
1841,1841,D6,38,6,2025-12-23
1842,1842,D4,2,5,2025-10-12
1843,1843,C3,114,20,2025-09-07
1844,1844,B10,125,22,2025-07-17
1845,1845,C8,145,26,2025-09-27
1846,1846,C10,153,27,2026-05-14
1847,1847,C12 ,3,5,2024-09-20
1848,1848,A9,117,21,2025-07-11
1849,1849,B2,183,32,2026-05-24
1850,1850,A2,1032,185,2025-09-20
1851,1851,A4,3,5,2024-12-07
1852,1852,C8,1630,293,2025-01-17
1853,1853,A4,-2,309,2025-11-10
1854,1854,D9,156,28,2026-03-09
1855,1855,A2,1645,296,2026-04-24
1856,1856,A1,0,26,2025-09-08
1857,1857,B1,1241,223,2026-03-15
1858,1858,A1,1608,289,2025-02-01
1859,1859,A7,152,27,2025-10-04
1860,1860,A1,155,27,2026-03-27
1861,1861,A7,-2,5,2026-06-30
1862,1862,C9 ,965,173,2026-03-18
1863,1863,D11,76,13,2026-05-02
1864,1864,B6,57,10,2026-05-03
1865,1865,A6,1500,270,2025-02-09
1866,1866,D2,3,5,2025-03-24
1867,1867,A1,1451,261,2026-03-17
1868,1868,A11,1344,241,2026-06-20
1869,1869,C5,1033,185,2026-03-15
1870,1870,B1,145,26,2024-12-16
1871,1871,D6,3,5,2026-08-06
1872,1872,C1,1,5,2025-11-18
1873,1873,B12,186,33,2025-08-14
1874,1874,A5,552,99,2026-07-16
1875,1875,B2,131,23,2026-05-10
1876,1876,A8,832,149,2025-11-08
1877,1877,D10,0,19,2025-04-16
1878,1878,B10,172,30,2025-07-02
1879,1879,B11,3,5,2025-10-08
1880,1880, D10 ,12,5,2025-11-14
1881,1881,C2,128,23,2025-12-06
1882,1882,D1,197,35,2025-11-21
1883,1883,C8,697,125,2026-05-31
1884,1884,A2,75,13,2024-11-15
1885,1885,A11,0,10,2026-07-16
1886,1886,D11,0,24,2024-12-23
1887,1887,C11,160,28,2025-02-10
1888,1888,C1,758,136,2026-04-23
1889,1889,C9,113,20,2025-06-14
1890,1890,A3,75,13,2025-11-23
1891,1891, C5 ,127,22,2025-11-16
1892,1892,A12,102,18,2024-11-08
1893,1893,A11,111,19,2025-05-31
1894,1894,B8,517,93,2026-06-24
1895,1895,A12,1910,343,2024-10-20
1896,1896,D1,1269,228,2025-12-07
1897,1897,C2,1637,294,2025-08-18
1898,1898,B5,11,5,2024-09-02
1899,1899,D3,37,6,2025-08-30
1900,1900,D1,1093,196,2025-05-25
1901,1901,D4,55,9,2025-11-14
1902,1902,D12,15,5,2024-12-19
1903,1903,A5,1065,191,2025-04-12
1904,1904, A9 ,86,15,2025-11-12
1905,1905,A3,964,173,2026-02-26
1906,1906,D6,1602,288,2025-03-26
1907,1907,B7,1,5,2025-12-13
1908,1908,A7,1541,277,2025-07-21
1909,1909,A7,28,5,2025-09-22
1910,1910,B5 ,2,5,2025-10-25
1911,1911,B1,1114,200,2024-12-24
1912,1912,A4,166,29,2025-03-11
1913,1913,C3,709,127,2026-03-07
1914,1914,C2,1296,233,2025-06-18
1915,1915,A7,0,18,2025-04-07
1916,1916,D3,1585,285,2024-11-10
1917,1917,B3,190,34,2024-12-17
1918,1918, B2 ,0,10,2025-10-03
1919,1919,D7,2,5,2025-08-09
1920,1920,D9,113,20,2026-08-06
1921,1921,C1,111,19,2024-12-31
1922,1922,C8,148,26,2024-12-21
1923,1923,B9,137,24,2025-12-11
1924,1924,A10,139,25,2025-05-05
1925,1925,B2 ,1168,210,2025-03-11
1926,1926,A7,871,156,2024-10-13
1927,1927,C1,1403,252,2025-11-22
1928,1928,A4,86,15,2026-04-18
1929,1929,D11,2,5,2026-08-06
1930,1930,A11,1,5,2025-07-03
1931,1931,A4,192,34,2025-11-22
1932,1932,D7,161,28,2024-12-02
1933,1933,C2,1759,316,2026-02-13
1934,1934,A7,1513,272,2025-03-25
1935,1935,A8,118,21,2026-04-28
1936,1936,B5,1032,185,2026-04-11
1937,1937,A8,723,130,2024-11-06
1938,1938,D6,635,114,2025-11-23
1939,1939,B6 ,51,9,2026-04-28
1940,1940,B8,49,8,2025-09-28
1941,1941,B12,174,31,2025-12-02
1942,1942,C6,18,5,2024-12-28
1943,1943, B10 ,3,5,2025-11-02
1944,1944,C8,2,5,2025-11-20
1945,1945,D1,111,19,2025-02-06
1946,1946,D6,85,15,2026-06-24
1947,1947,A8,2,5,2025-06-20
1948,1948,B8,3,5,2025-12-22
1949,1949,D4,141,25,2024-11-07
1950,1950,A10,1,5,2024-09-19
1951,1951,B12,670,120,2026-07-25
1952,1952,D10,888,159,2025-12-09
1953,1953,D6,2,5,2024-11-20
1954,1954,A11,123,22,2025-10-08
1955,1955,C8,2,5,2024-11-03
1956,1956,D4,1,5,2026-02-24
1957,1957,D9,1,5,2025-05-28
1958,1958,B10,2,5,2024-10-07
1959,1959,A1,46,8,2024-09-19
1960,1960,B12,530,95,2025-01-13
1961,1961,A6,3,5,2024-12-18
1962,1962,D11 ,1,5,2026-08-06
1963,1963,B9,186,33,2026-07-06
1964,1964,B12,67,12,2026-05-20
1965,1965,B4,3,5,2025-05-19
1966,1966,C7,515,92,2024-09-27
1967,1967,C8,1544,277,2025-05-18
1968,1968,D6 ,1238,222,2026-02-08
1969,1969,C10,1637,294,2024-11-01
1970,1970,D6,2,5,2024-12-10
1971,1971,D8,670,120,2025-02-21
1972,1972,A3,1299,233,2024-10-11
1973,1973,A3,87,15,2025-04-29
1974,1974,A6,2,5,2025-04-26
1975,1975,D12,19,5,2025-07-14
1976,1976,B8,2,5,2024-10-05
1977,1977,D4,1,5,2024-12-22
1978,1978,D6,166,29,2025-09-17
1979,1979,C9,0,10,2026-04-03
1980,1980,B5,200,36,2024-11-26
1981,1981,C10,11,5,2024-11-01
1982,1982,B5,1701,306,2024-10-23
1983,1983,D10,1733,311,2025-08-29
1984,1984,C1,918,165,2024-12-15
1985,1985,B11,0,13,2025-05-19
1986,1986,A12,84,15,2025-05-07
1987,1987,D8,1382,248,2024-11-04
1988,1988,B5,1,5,2026-07-16
1989,1989,C10,126,22,2025-11-18
1990,1990,B8,23,5,2026-02-06
1991,1991,B8,1398,251,2025-12-17
1992,1992,D11,1387,249,2025-07-07
1993,1993,B6,1137,204,2026-07-20
1994,1994,D6,645,116,2025-04-03
1995,1995,B6,12,5,2026-07-17
1996,1996,C5,101,18,2025-11-15
1997,1997,C6,191,34,2025-06-09
1998,1998,D2,16,5,2025-12-10
1999,1999,C9,36,6,2026-04-11
2000,2000,B8,2,5,2026-06-10
